{
    "vehicles": [
        {
            "id": "v1",
            "name": "Truck 101",
            "type": "truck",
            "status": "active",
            "fuelLevel": 75,
            "location": {
                "lat": 40.7128,
                "lng": -74.0060
            },
            "driverId": "d1"
        },
        {
            "id": "v2",
            "name": "Van 202",
            "type": "van",
            "status": "idle",
            "fuelLevel": 90,
            "location": {
                "lat": 40.7282,
                "lng": -73.7949
            },
            "driverId": "d2"
        },
        {
            "id": "v3",
            "name": "Sedan 303",
            "type": "sedan",
            "status": "maintenance",
            "fuelLevel": 20,
            "location": {
                "lat": 40.7589,
                "lng": -73.9851
            },
            "driverId": null
        }
    ],
    "drivers": [
        {
            "id": "d1",
            "name": "John Doe",
            "status": "active",
            "hoursWorked": 6
        },
        {
            "id": "d2",
            "name": "Jane Smith",
            "status": "idle",
            "hoursWorked": 2
        }
    ],
    "trips": [
        {
            "id": "t1",
            "status": "assigned",
            "vehicleId": "v1",
            "driverId": "d1",
            "origin": "Warehouse A",
            "destination": "Store B",
            "eta": "2024-12-01T14:00:00Z"
        },
        {
            "id": "t2",
            "status": "pending",
            "origin": "Port C",
            "destination": "Warehouse A"
        }
    ],
    "alerts": [
        {
            "id": "a1",
            "vehicleId": "v1",
            "type": "speeding",
            "severity": "high",
            "message": "Vehicle v1 exceeded 120 km/h",
            "timestamp": "2024-11-28T10:00:00Z",
            "acknowledged": false
        }
    ]
}